<?xml version="1.0" encoding="UTF-8"?>
<robot generated="20170109 16:42:53.792" generator="Robot 3.0 (Python 2.7.9 on win32)">
<suite id="s1" name="Tc Automobile Vlp Accord &amp; Tc Automobile Vlp Accord Text">
<suite source="C:\Hawk_Automation\framework.robot\testsuites\automobiles_honda_com\accord\tc_automobile_vlp_accord.txt" id="s1-s1" name="Tc Automobile Vlp Accord">
<kw type="setup" name="Page_Open_New_Browser" library="res_page_keyword">
<arguments>
<arg>${ThisBrowser}</arg>
<arg>${URL}</arg>
<arg>${NMaxBrowser}</arg>
</arguments>
<kw name="Open Browser" library="Selenium2Library">
<doc>Opens a new browser instance to given URL.</doc>
<arguments>
<arg>${pageURL}</arg>
<arg>${browserType}</arg>
</arguments>
<assign>
<var>${WindowMainID}</var>
</assign>
<msg timestamp="20170109 16:42:54.197" level="INFO">Opening browser 'googlechrome' to base url 'http://automobiles.honda.com/accord'</msg>
<msg timestamp="20170109 16:43:09.566" level="INFO">${WindowMainID} = 1</msg>
<status status="PASS" endtime="20170109 16:43:09.566" starttime="20170109 16:42:54.196"></status>
</kw>
<kw name="Maximize Browser Window" library="Selenium2Library">
<doc>Maximizes current browser window.</doc>
<status status="PASS" endtime="20170109 16:43:10.784" starttime="20170109 16:43:09.566"></status>
</kw>
<kw name="Run Keyword If" library="BuiltIn">
<doc>Runs the given keyword with the given arguments, if ``condition`` is true.</doc>
<arguments>
<arg>${isMaxBrowser}==1</arg>
<arg>Maximize Browser Window</arg>
</arguments>
<kw name="Maximize Browser Window" library="Selenium2Library">
<doc>Maximizes current browser window.</doc>
<status status="PASS" endtime="20170109 16:43:10.806" starttime="20170109 16:43:10.794"></status>
</kw>
<status status="PASS" endtime="20170109 16:43:10.806" starttime="20170109 16:43:10.784"></status>
</kw>
<kw name="Get Title" library="Selenium2Library">
<doc>Returns title of current page.</doc>
<assign>
<var>${WindowMainTitle}</var>
</assign>
<msg timestamp="20170109 16:43:10.997" level="INFO">${WindowMainTitle} = Honda Accord Family – Sedans, Coupes, and Hybrids | Honda</msg>
<status status="PASS" endtime="20170109 16:43:10.997" starttime="20170109 16:43:10.806"></status>
</kw>
<status status="PASS" endtime="20170109 16:43:10.997" starttime="20170109 16:42:54.196"></status>
</kw>
<test id="s1-s1-t1" name="[TC_HERO_001] Click HERO Model Link :: Verify CTA Redirect">
<kw name="Automobile_VLP_Hero_ModelLink_VerifyRedirect" library="res_automobile_vlp_accord_keyword">
<arguments>
<arg>${LIST EXPECTED MODEL URL}</arg>
</arguments>
<kw name="Go To" library="Selenium2Library">
<doc>Navigates the active browser instance to the provided URL.</doc>
<arguments>
<arg>${URL}</arg>
</arguments>
<msg timestamp="20170109 16:43:11.001" level="INFO">Opening url 'http://automobiles.honda.com/accord'</msg>
<status status="PASS" endtime="20170109 16:43:15.079" starttime="20170109 16:43:11.001"></status>
</kw>
<kw name="Get Location" library="Selenium2Library">
<doc>Returns the current location.</doc>
<assign>
<var>${WINDOW MAIN}</var>
</assign>
<msg timestamp="20170109 16:43:15.110" level="INFO">${WINDOW MAIN} = http://automobiles.honda.com/accord</msg>
<status status="PASS" endtime="20170109 16:43:15.110" starttime="20170109 16:43:15.079"></status>
</kw>
<kw name="Create List" library="BuiltIn">
<doc>Returns a list containing given items.</doc>
<arguments>
<arg>@{LIST EXPECTED CONTENT}</arg>
</arguments>
<assign>
<var>${LIST EXPECTED CONTENT}</var>
</assign>
<msg timestamp="20170109 16:43:15.111" level="INFO">${LIST EXPECTED CONTENT} = [u'http://automobiles.honda.com/accord-coupe~2017 Honda Accord Coupe | Honda~xpath=(//a)[1]', u'http://automobiles.honda.com/accord-sedan~2017 Honda Accord Sedan | Honda~xpath=(//a)[1]', u'http://auto...</msg>
<status status="PASS" endtime="20170109 16:43:15.111" starttime="20170109 16:43:15.110"></status>
</kw>
<kw name="Get Length" library="BuiltIn">
<doc>Returns and logs the length of the given item as an integer.</doc>
<arguments>
<arg>${LIST EXPECTED CONTENT}</arg>
</arguments>
<assign>
<var>${LIST COUNT CONTENT}</var>
</assign>
<msg timestamp="20170109 16:43:15.112" level="INFO">Length is 3</msg>
<msg timestamp="20170109 16:43:15.112" level="INFO">${LIST COUNT CONTENT} = 3</msg>
<status status="PASS" endtime="20170109 16:43:15.113" starttime="20170109 16:43:15.112"></status>
</kw>
<kw name="Log" library="BuiltIn">
<doc>Logs the given message with the given level.</doc>
<arguments>
<arg>"URLS"</arg>
</arguments>
<msg timestamp="20170109 16:43:15.113" level="INFO">"URLS"</msg>
<status status="PASS" endtime="20170109 16:43:15.113" starttime="20170109 16:43:15.113"></status>
</kw>
<kw name="Set Variable" library="BuiltIn">
<doc>Returns the given values which can then be assigned to a variables.</doc>
<arguments>
<arg>${LOCATOR HERO PANEL MODEL LINK CONTAINER}</arg>
</arguments>
<assign>
<var>${XPATH}</var>
</assign>
<msg timestamp="20170109 16:43:15.114" level="INFO">${XPATH} = (.//*[@id='hero']/div[1]/div/div[2]/div[2]/div/div/h5/a)</msg>
<status status="PASS" endtime="20170109 16:43:15.114" starttime="20170109 16:43:15.114"></status>
</kw>
<kw name="Sleep" library="BuiltIn">
<doc>Pauses the test executed for the given time.</doc>
<arguments>
<arg>1</arg>
</arguments>
<msg timestamp="20170109 16:43:16.115" level="INFO">Slept 1 second</msg>
<status status="PASS" endtime="20170109 16:43:16.115" starttime="20170109 16:43:15.115"></status>
</kw>
<kw name="Get Matching Xpath Count" library="Selenium2Library">
<doc>Returns number of elements matching `xpath`</doc>
<arguments>
<arg>${XPATH}</arg>
</arguments>
<assign>
<var>${COUNT}</var>
</assign>
<msg timestamp="20170109 16:43:16.140" level="INFO">${COUNT} = 3</msg>
<status status="PASS" endtime="20170109 16:43:16.140" starttime="20170109 16:43:16.115"></status>
</kw>
<kw type="for" name="${i} IN RANGE [ 1 | ${COUNT} + 1 ]">
<kw type="foritem" name="${i} = 1">
<kw name="Log" library="BuiltIn">
<doc>Logs the given message with the given level.</doc>
<arguments>
<arg>"SPLIT URL"</arg>
</arguments>
<msg timestamp="20170109 16:43:16.141" level="INFO">"SPLIT URL"</msg>
<status status="PASS" endtime="20170109 16:43:16.141" starttime="20170109 16:43:16.141"></status>
</kw>
<kw name="Split String" library="String">
<doc>Splits the ``string`` using ``separator`` as a delimiter string.</doc>
<arguments>
<arg>@{LIST EXPECTED CONTENT}[${i-1}]</arg>
<arg>~</arg>
</arguments>
<assign>
<var>@{CHAR}</var>
</assign>
<msg timestamp="20170109 16:43:16.142" level="INFO">@{CHAR} = [ http://automobiles.honda.com/accord-coupe | 2017 Honda Accord Coupe | Honda | xpath=(//a)[1] ]</msg>
<status status="PASS" endtime="20170109 16:43:16.142" starttime="20170109 16:43:16.142"></status>
</kw>
<kw name="Get From List" library="Collections">
<doc>Returns the value specified with an ``index`` from ``list``.</doc>
<arguments>
<arg>${CHAR}</arg>
<arg>0</arg>
</arguments>
<assign>
<var>${EXP URL}</var>
</assign>
<msg timestamp="20170109 16:43:16.142" level="INFO">${EXP URL} = http://automobiles.honda.com/accord-coupe</msg>
<status status="PASS" endtime="20170109 16:43:16.142" starttime="20170109 16:43:16.142"></status>
</kw>
<kw name="Get From List" library="Collections">
<doc>Returns the value specified with an ``index`` from ``list``.</doc>
<arguments>
<arg>${CHAR}</arg>
<arg>1</arg>
</arguments>
<assign>
<var>${EXP TITLE}</var>
</assign>
<msg timestamp="20170109 16:43:16.143" level="INFO">${EXP TITLE} = 2017 Honda Accord Coupe | Honda</msg>
<status status="PASS" endtime="20170109 16:43:16.143" starttime="20170109 16:43:16.143"></status>
</kw>
<kw name="Get From List" library="Collections">
<doc>Returns the value specified with an ``index`` from ``list``.</doc>
<arguments>
<arg>${CHAR}</arg>
<arg>2</arg>
</arguments>
<assign>
<var>${EXP ELEMENT}</var>
</assign>
<msg timestamp="20170109 16:43:16.143" level="INFO">${EXP ELEMENT} = xpath=(//a)[1]</msg>
<status status="PASS" endtime="20170109 16:43:16.143" starttime="20170109 16:43:16.143"></status>
</kw>
<kw name="Log" library="BuiltIn">
<doc>Logs the given message with the given level.</doc>
<arguments>
<arg>"CLICK BUTTON"</arg>
</arguments>
<msg timestamp="20170109 16:43:16.144" level="INFO">"CLICK BUTTON"</msg>
<status status="PASS" endtime="20170109 16:43:16.144" starttime="20170109 16:43:16.144"></status>
</kw>
<kw name="Page_Scroll_To_Element_Xpath" library="res_page_keyword">
<arguments>
<arg>xpath=(${XPATH})[${i}]</arg>
</arguments>
<kw name="Split String" library="String">
<doc>Splits the ``string`` using ``separator`` as a delimiter string.</doc>
<arguments>
<arg>${ele_locator}</arg>
<arg>xpath=</arg>
</arguments>
<assign>
<var>@{getString}</var>
</assign>
<msg timestamp="20170109 16:43:16.145" level="INFO">@{getString} = [  | ((.//*[@id='hero']/div[1]/div/div[2]/div[2]/div/div/h5/a))[1] ]</msg>
<status status="PASS" endtime="20170109 16:43:16.145" starttime="20170109 16:43:16.144"></status>
</kw>
<kw name="Execute Javascript" library="Selenium2Library">
<doc>Executes the given JavaScript code.</doc>
<arguments>
<arg>(window.document.evaluate("@{getString}[1]", document, null, XPathResult.FIRST_ORDERED_NODE_TYPE, null).singleNodeValue.scrollIntoView(false));</arg>
</arguments>
<msg timestamp="20170109 16:43:16.145" level="INFO">Executing JavaScript:
(window.document.evaluate("((.//*[@id='hero']/div[1]/div/div[2]/div[2]/div/div/h5/a))[1]", document, null, XPathResult.FIRST_ORDERED_NODE_TYPE, null).singleNodeValue.scrollIntoView(false));</msg>
<status status="PASS" endtime="20170109 16:43:16.154" starttime="20170109 16:43:16.145"></status>
</kw>
<status status="PASS" endtime="20170109 16:43:16.154" starttime="20170109 16:43:16.144"></status>
</kw>
<kw name="Sleep" library="BuiltIn">
<doc>Pauses the test executed for the given time.</doc>
<arguments>
<arg>1</arg>
</arguments>
<msg timestamp="20170109 16:43:17.155" level="INFO">Slept 1 second</msg>
<status status="PASS" endtime="20170109 16:43:17.155" starttime="20170109 16:43:16.154"></status>
</kw>
<kw name="Click Element" library="Selenium2Library">
<doc>Click element identified by `locator`.</doc>
<arguments>
<arg>xpath=(${XPATH})[${i}]</arg>
</arguments>
<msg timestamp="20170109 16:43:17.156" level="INFO">Clicking element 'xpath=((.//*[@id='hero']/div[1]/div/div[2]/div[2]/div/div/h5/a))[1]'.</msg>
<status status="PASS" endtime="20170109 16:43:41.342" starttime="20170109 16:43:17.155"></status>
</kw>
<kw name="Sleep" library="BuiltIn">
<doc>Pauses the test executed for the given time.</doc>
<arguments>
<arg>1</arg>
</arguments>
<msg timestamp="20170109 16:43:42.344" level="INFO">Slept 1 second</msg>
<status status="PASS" endtime="20170109 16:43:42.345" starttime="20170109 16:43:41.343"></status>
</kw>
<kw name="Log" library="BuiltIn">
<doc>Logs the given message with the given level.</doc>
<arguments>
<arg>"VALIDATE REDIRECT"</arg>
</arguments>
<msg timestamp="20170109 16:43:42.347" level="INFO">"VALIDATE REDIRECT"</msg>
<status status="PASS" endtime="20170109 16:43:42.349" starttime="20170109 16:43:42.346"></status>
</kw>
<kw name="Get Location" library="Selenium2Library">
<doc>Returns the current location.</doc>
<assign>
<var>${CURR WINDOW}</var>
</assign>
<msg timestamp="20170109 16:43:42.442" level="INFO">${CURR WINDOW} = http://automobiles.honda.com/accord-coupe</msg>
<status status="PASS" endtime="20170109 16:43:42.442" starttime="20170109 16:43:42.350"></status>
</kw>
<kw name="Location Should Contain" library="Selenium2Library">
<doc>Verifies that current URL contains `expected`.</doc>
<arguments>
<arg>${EXP URL}</arg>
</arguments>
<msg timestamp="20170109 16:43:42.508" level="INFO">Current location contains 'http://automobiles.honda.com/accord-coupe'.</msg>
<status status="PASS" endtime="20170109 16:43:42.509" starttime="20170109 16:43:42.443"></status>
</kw>
<kw name="Title Should Be" library="Selenium2Library">
<doc>Verifies that current page title equals `title`.</doc>
<arguments>
<arg>${EXP TITLE}</arg>
</arguments>
<msg timestamp="20170109 16:43:42.572" level="INFO">Page title is '2017 Honda Accord Coupe | Honda'.</msg>
<status status="PASS" endtime="20170109 16:43:42.573" starttime="20170109 16:43:42.509"></status>
</kw>
<kw name="Wait Until Page Contains Element" library="Selenium2Library">
<doc>Waits until element specified with `locator` appears on current page.</doc>
<arguments>
<arg>${EXP ELEMENT}</arg>
</arguments>
<status status="PASS" endtime="20170109 16:43:42.746" starttime="20170109 16:43:42.573"></status>
</kw>
<kw name="Go To" library="Selenium2Library">
<doc>Navigates the active browser instance to the provided URL.</doc>
<arguments>
<arg>${WINDOW MAIN}</arg>
</arguments>
<msg timestamp="20170109 16:43:42.747" level="INFO">Opening url 'http://automobiles.honda.com/accord'</msg>
<status status="PASS" endtime="20170109 16:43:48.802" starttime="20170109 16:43:42.747"></status>
</kw>
<status status="PASS" endtime="20170109 16:43:48.802" starttime="20170109 16:43:16.141"></status>
</kw>
<kw type="foritem" name="${i} = 2">
<kw name="Log" library="BuiltIn">
<doc>Logs the given message with the given level.</doc>
<arguments>
<arg>"SPLIT URL"</arg>
</arguments>
<msg timestamp="20170109 16:43:48.803" level="INFO">"SPLIT URL"</msg>
<status status="PASS" endtime="20170109 16:43:48.803" starttime="20170109 16:43:48.803"></status>
</kw>
<kw name="Split String" library="String">
<doc>Splits the ``string`` using ``separator`` as a delimiter string.</doc>
<arguments>
<arg>@{LIST EXPECTED CONTENT}[${i-1}]</arg>
<arg>~</arg>
</arguments>
<assign>
<var>@{CHAR}</var>
</assign>
<msg timestamp="20170109 16:43:48.805" level="INFO">@{CHAR} = [ http://automobiles.honda.com/accord-sedan | 2017 Honda Accord Sedan | Honda | xpath=(//a)[1] ]</msg>
<status status="PASS" endtime="20170109 16:43:48.805" starttime="20170109 16:43:48.803"></status>
</kw>
<kw name="Get From List" library="Collections">
<doc>Returns the value specified with an ``index`` from ``list``.</doc>
<arguments>
<arg>${CHAR}</arg>
<arg>0</arg>
</arguments>
<assign>
<var>${EXP URL}</var>
</assign>
<msg timestamp="20170109 16:43:48.806" level="INFO">${EXP URL} = http://automobiles.honda.com/accord-sedan</msg>
<status status="PASS" endtime="20170109 16:43:48.806" starttime="20170109 16:43:48.805"></status>
</kw>
<kw name="Get From List" library="Collections">
<doc>Returns the value specified with an ``index`` from ``list``.</doc>
<arguments>
<arg>${CHAR}</arg>
<arg>1</arg>
</arguments>
<assign>
<var>${EXP TITLE}</var>
</assign>
<msg timestamp="20170109 16:43:48.807" level="INFO">${EXP TITLE} = 2017 Honda Accord Sedan | Honda</msg>
<status status="PASS" endtime="20170109 16:43:48.807" starttime="20170109 16:43:48.806"></status>
</kw>
<kw name="Get From List" library="Collections">
<doc>Returns the value specified with an ``index`` from ``list``.</doc>
<arguments>
<arg>${CHAR}</arg>
<arg>2</arg>
</arguments>
<assign>
<var>${EXP ELEMENT}</var>
</assign>
<msg timestamp="20170109 16:43:48.808" level="INFO">${EXP ELEMENT} = xpath=(//a)[1]</msg>
<status status="PASS" endtime="20170109 16:43:48.808" starttime="20170109 16:43:48.807"></status>
</kw>
<kw name="Log" library="BuiltIn">
<doc>Logs the given message with the given level.</doc>
<arguments>
<arg>"CLICK BUTTON"</arg>
</arguments>
<msg timestamp="20170109 16:43:48.809" level="INFO">"CLICK BUTTON"</msg>
<status status="PASS" endtime="20170109 16:43:48.809" starttime="20170109 16:43:48.808"></status>
</kw>
<kw name="Page_Scroll_To_Element_Xpath" library="res_page_keyword">
<arguments>
<arg>xpath=(${XPATH})[${i}]</arg>
</arguments>
<kw name="Split String" library="String">
<doc>Splits the ``string`` using ``separator`` as a delimiter string.</doc>
<arguments>
<arg>${ele_locator}</arg>
<arg>xpath=</arg>
</arguments>
<assign>
<var>@{getString}</var>
</assign>
<msg timestamp="20170109 16:43:48.811" level="INFO">@{getString} = [  | ((.//*[@id='hero']/div[1]/div/div[2]/div[2]/div/div/h5/a))[2] ]</msg>
<status status="PASS" endtime="20170109 16:43:48.811" starttime="20170109 16:43:48.810"></status>
</kw>
<kw name="Execute Javascript" library="Selenium2Library">
<doc>Executes the given JavaScript code.</doc>
<arguments>
<arg>(window.document.evaluate("@{getString}[1]", document, null, XPathResult.FIRST_ORDERED_NODE_TYPE, null).singleNodeValue.scrollIntoView(false));</arg>
</arguments>
<msg timestamp="20170109 16:43:48.812" level="INFO">Executing JavaScript:
(window.document.evaluate("((.//*[@id='hero']/div[1]/div/div[2]/div[2]/div/div/h5/a))[2]", document, null, XPathResult.FIRST_ORDERED_NODE_TYPE, null).singleNodeValue.scrollIntoView(false));</msg>
<status status="PASS" endtime="20170109 16:43:48.828" starttime="20170109 16:43:48.811"></status>
</kw>
<status status="PASS" endtime="20170109 16:43:48.828" starttime="20170109 16:43:48.809"></status>
</kw>
<kw name="Sleep" library="BuiltIn">
<doc>Pauses the test executed for the given time.</doc>
<arguments>
<arg>1</arg>
</arguments>
<msg timestamp="20170109 16:43:49.830" level="INFO">Slept 1 second</msg>
<status status="PASS" endtime="20170109 16:43:49.831" starttime="20170109 16:43:48.828"></status>
</kw>
<kw name="Click Element" library="Selenium2Library">
<doc>Click element identified by `locator`.</doc>
<arguments>
<arg>xpath=(${XPATH})[${i}]</arg>
</arguments>
<msg timestamp="20170109 16:43:49.833" level="INFO">Clicking element 'xpath=((.//*[@id='hero']/div[1]/div/div[2]/div[2]/div/div/h5/a))[2]'.</msg>
<status status="PASS" endtime="20170109 16:44:00.222" starttime="20170109 16:43:49.833"></status>
</kw>
<kw name="Sleep" library="BuiltIn">
<doc>Pauses the test executed for the given time.</doc>
<arguments>
<arg>1</arg>
</arguments>
<msg timestamp="20170109 16:44:01.227" level="INFO">Slept 1 second</msg>
<status status="PASS" endtime="20170109 16:44:01.227" starttime="20170109 16:44:00.222"></status>
</kw>
<kw name="Log" library="BuiltIn">
<doc>Logs the given message with the given level.</doc>
<arguments>
<arg>"VALIDATE REDIRECT"</arg>
</arguments>
<msg timestamp="20170109 16:44:01.228" level="INFO">"VALIDATE REDIRECT"</msg>
<status status="PASS" endtime="20170109 16:44:01.228" starttime="20170109 16:44:01.228"></status>
</kw>
<kw name="Get Location" library="Selenium2Library">
<doc>Returns the current location.</doc>
<assign>
<var>${CURR WINDOW}</var>
</assign>
<msg timestamp="20170109 16:44:01.359" level="INFO">${CURR WINDOW} = http://automobiles.honda.com/accord-sedan</msg>
<status status="PASS" endtime="20170109 16:44:01.359" starttime="20170109 16:44:01.229"></status>
</kw>
<kw name="Location Should Contain" library="Selenium2Library">
<doc>Verifies that current URL contains `expected`.</doc>
<arguments>
<arg>${EXP URL}</arg>
</arguments>
<msg timestamp="20170109 16:44:01.573" level="INFO">Current location contains 'http://automobiles.honda.com/accord-sedan'.</msg>
<status status="PASS" endtime="20170109 16:44:01.574" starttime="20170109 16:44:01.359"></status>
</kw>
<kw name="Title Should Be" library="Selenium2Library">
<doc>Verifies that current page title equals `title`.</doc>
<arguments>
<arg>${EXP TITLE}</arg>
</arguments>
<msg timestamp="20170109 16:44:01.603" level="INFO">Page title is '2017 Honda Accord Sedan | Honda'.</msg>
<status status="PASS" endtime="20170109 16:44:01.603" starttime="20170109 16:44:01.574"></status>
</kw>
<kw name="Wait Until Page Contains Element" library="Selenium2Library">
<doc>Waits until element specified with `locator` appears on current page.</doc>
<arguments>
<arg>${EXP ELEMENT}</arg>
</arguments>
<status status="PASS" endtime="20170109 16:44:01.679" starttime="20170109 16:44:01.604"></status>
</kw>
<kw name="Go To" library="Selenium2Library">
<doc>Navigates the active browser instance to the provided URL.</doc>
<arguments>
<arg>${WINDOW MAIN}</arg>
</arguments>
<msg timestamp="20170109 16:44:01.680" level="INFO">Opening url 'http://automobiles.honda.com/accord'</msg>
<status status="PASS" endtime="20170109 16:44:07.060" starttime="20170109 16:44:01.679"></status>
</kw>
<status status="PASS" endtime="20170109 16:44:07.060" starttime="20170109 16:43:48.802"></status>
</kw>
<kw type="foritem" name="${i} = 3">
<kw name="Log" library="BuiltIn">
<doc>Logs the given message with the given level.</doc>
<arguments>
<arg>"SPLIT URL"</arg>
</arguments>
<msg timestamp="20170109 16:44:07.061" level="INFO">"SPLIT URL"</msg>
<status status="PASS" endtime="20170109 16:44:07.061" starttime="20170109 16:44:07.061"></status>
</kw>
<kw name="Split String" library="String">
<doc>Splits the ``string`` using ``separator`` as a delimiter string.</doc>
<arguments>
<arg>@{LIST EXPECTED CONTENT}[${i-1}]</arg>
<arg>~</arg>
</arguments>
<assign>
<var>@{CHAR}</var>
</assign>
<msg timestamp="20170109 16:44:07.063" level="INFO">@{CHAR} = [ http://automobiles.honda.com/accord-hybrid | 2017 Honda Accord Hybrid | Honda | xpath=(//a)[1] ]</msg>
<status status="PASS" endtime="20170109 16:44:07.063" starttime="20170109 16:44:07.061"></status>
</kw>
<kw name="Get From List" library="Collections">
<doc>Returns the value specified with an ``index`` from ``list``.</doc>
<arguments>
<arg>${CHAR}</arg>
<arg>0</arg>
</arguments>
<assign>
<var>${EXP URL}</var>
</assign>
<msg timestamp="20170109 16:44:07.064" level="INFO">${EXP URL} = http://automobiles.honda.com/accord-hybrid</msg>
<status status="PASS" endtime="20170109 16:44:07.064" starttime="20170109 16:44:07.063"></status>
</kw>
<kw name="Get From List" library="Collections">
<doc>Returns the value specified with an ``index`` from ``list``.</doc>
<arguments>
<arg>${CHAR}</arg>
<arg>1</arg>
</arguments>
<assign>
<var>${EXP TITLE}</var>
</assign>
<msg timestamp="20170109 16:44:07.065" level="INFO">${EXP TITLE} = 2017 Honda Accord Hybrid | Honda</msg>
<status status="PASS" endtime="20170109 16:44:07.065" starttime="20170109 16:44:07.064"></status>
</kw>
<kw name="Get From List" library="Collections">
<doc>Returns the value specified with an ``index`` from ``list``.</doc>
<arguments>
<arg>${CHAR}</arg>
<arg>2</arg>
</arguments>
<assign>
<var>${EXP ELEMENT}</var>
</assign>
<msg timestamp="20170109 16:44:07.066" level="INFO">${EXP ELEMENT} = xpath=(//a)[1]</msg>
<status status="PASS" endtime="20170109 16:44:07.066" starttime="20170109 16:44:07.065"></status>
</kw>
<kw name="Log" library="BuiltIn">
<doc>Logs the given message with the given level.</doc>
<arguments>
<arg>"CLICK BUTTON"</arg>
</arguments>
<msg timestamp="20170109 16:44:07.069" level="INFO">"CLICK BUTTON"</msg>
<status status="PASS" endtime="20170109 16:44:07.069" starttime="20170109 16:44:07.068"></status>
</kw>
<kw name="Page_Scroll_To_Element_Xpath" library="res_page_keyword">
<arguments>
<arg>xpath=(${XPATH})[${i}]</arg>
</arguments>
<kw name="Split String" library="String">
<doc>Splits the ``string`` using ``separator`` as a delimiter string.</doc>
<arguments>
<arg>${ele_locator}</arg>
<arg>xpath=</arg>
</arguments>
<assign>
<var>@{getString}</var>
</assign>
<msg timestamp="20170109 16:44:07.071" level="INFO">@{getString} = [  | ((.//*[@id='hero']/div[1]/div/div[2]/div[2]/div/div/h5/a))[3] ]</msg>
<status status="PASS" endtime="20170109 16:44:07.071" starttime="20170109 16:44:07.070"></status>
</kw>
<kw name="Execute Javascript" library="Selenium2Library">
<doc>Executes the given JavaScript code.</doc>
<arguments>
<arg>(window.document.evaluate("@{getString}[1]", document, null, XPathResult.FIRST_ORDERED_NODE_TYPE, null).singleNodeValue.scrollIntoView(false));</arg>
</arguments>
<msg timestamp="20170109 16:44:07.072" level="INFO">Executing JavaScript:
(window.document.evaluate("((.//*[@id='hero']/div[1]/div/div[2]/div[2]/div/div/h5/a))[3]", document, null, XPathResult.FIRST_ORDERED_NODE_TYPE, null).singleNodeValue.scrollIntoView(false));</msg>
<status status="PASS" endtime="20170109 16:44:07.109" starttime="20170109 16:44:07.071"></status>
</kw>
<status status="PASS" endtime="20170109 16:44:07.109" starttime="20170109 16:44:07.069"></status>
</kw>
<kw name="Sleep" library="BuiltIn">
<doc>Pauses the test executed for the given time.</doc>
<arguments>
<arg>1</arg>
</arguments>
<msg timestamp="20170109 16:44:08.110" level="INFO">Slept 1 second</msg>
<status status="PASS" endtime="20170109 16:44:08.110" starttime="20170109 16:44:07.109"></status>
</kw>
<kw name="Click Element" library="Selenium2Library">
<doc>Click element identified by `locator`.</doc>
<arguments>
<arg>xpath=(${XPATH})[${i}]</arg>
</arguments>
<msg timestamp="20170109 16:44:08.112" level="INFO">Clicking element 'xpath=((.//*[@id='hero']/div[1]/div/div[2]/div[2]/div/div/h5/a))[3]'.</msg>
<kw name="Capture Page Screenshot" library="Selenium2Library">
<doc>Takes a screenshot of the current page and embeds it into the log.</doc>
<status status="FAIL" endtime="20170109 16:44:17.974" starttime="20170109 16:44:17.974"></status>
</kw>
<msg timestamp="20170109 16:44:17.974" level="WARN">Keyword 'Capture Page Screenshot' could not be run on failure: Execution terminated by signal</msg>
<status status="FAIL" endtime="20170109 16:44:17.978" starttime="20170109 16:44:08.110"></status>
</kw>
<status status="FAIL" endtime="20170109 16:44:17.979" starttime="20170109 16:44:07.060"></status>
</kw>
<status status="FAIL" endtime="20170109 16:44:17.979" starttime="20170109 16:43:16.141"></status>
</kw>
<status status="FAIL" endtime="20170109 16:44:17.979" starttime="20170109 16:43:11.000"></status>
</kw>
<tags>
<tag>SmokeTest</tag>
</tags>
<status status="FAIL" endtime="20170109 16:44:17.981" critical="yes" starttime="20170109 16:43:10.997">Execution terminated by signal</status>
</test>
<test id="s1-s1-t2" name="[TC_HERO_002] Click HERO Disclaimer :: Verify CTA Redirect">
<tags>
<tag>robot-exit</tag>
<tag>SmokeTest</tag>
</tags>
<status status="FAIL" endtime="20170109 16:44:17.997" critical="yes" starttime="20170109 16:44:17.987">Test execution stopped due to a fatal error.</status>
</test>
<test id="s1-s1-t3" name="[TC_HERO_003] Click HERO SEE MORE MODELS Button :: Verify CTA Redirect">
<tags>
<tag>robot-exit</tag>
<tag>SmokeTest</tag>
</tags>
<status status="FAIL" endtime="20170109 16:44:18.008" critical="yes" starttime="20170109 16:44:18.005">Test execution stopped due to a fatal error.</status>
</test>
<test id="s1-s1-t4" name="[TC_MODELS_001] Click MODELS Disclaimers :: Verify Content">
<tags>
<tag>robot-exit</tag>
<tag>SmokeTest</tag>
</tags>
<status status="FAIL" endtime="20170109 16:44:18.058" critical="yes" starttime="20170109 16:44:18.056">Test execution stopped due to a fatal error.</status>
</test>
<test id="s1-s1-t5" name="[TC_MODELS_001] Click MODELS Button 'EXPLORE' :: Verify Redirct">
<tags>
<tag>robot-exit</tag>
<tag>SmokeTest</tag>
</tags>
<status status="FAIL" endtime="20170109 16:44:18.067" critical="yes" starttime="20170109 16:44:18.064">Test execution stopped due to a fatal error.</status>
</test>
<test id="s1-s1-t6" name="[TC_MODELS_002] Click MODELS Button 'BUILD' :: Verify Redirct">
<tags>
<tag>robot-exit</tag>
<tag>SmokeTest</tag>
</tags>
<status status="FAIL" endtime="20170109 16:44:18.078" critical="yes" starttime="20170109 16:44:18.076">Test execution stopped due to a fatal error.</status>
</test>
<test id="s1-s1-t7" name="[TC_AWARD_001s] Verify AWARDS Front Card Links :: Verify Redirect (URL, Page Title, Component on New Page)">
<errors>
<msg timestamp="20170109 16:44:17.974" level="WARN">Keyword 'Capture Page Screenshot' could not be run on failure: Execution terminated by signal</msg>
<msg timestamp="20170109 16:44:18.092" level="ERROR">Execution stopped by user.</msg>
</errors>
</robot>
